Metabolite,Compartment,Distribution
,c,LogNormal|-8.358485562929|2.0031220490567656
,p,LogNormal|-8.358485562929|10.015610245283828
,e,LogNormal|-8.358485562929|10.015610245283828
,,LogNormal|-8.358485562929|2.0031220490567656
