{
  "name": "logistic",
  "features": [
    "MMSE",
    "RAVLT",
    "FAQ",
    "FDG PET"
  ],
  "dimension": 4,
  "source_dimension": 2,
  "loss": "MSE",
  "parameters": {
    "g": [
      2.3752925395965576,
      -0.32069623470306396,
      2.6308131217956543,
      0.02347472868859768
    ],
    "v0": [
      -4.103176116943359,
      -3.393810987472534,
      -3.558465003967285,
      -3.7031455039978027
    ],
    "betas": [
      [
        -0.09318992495536804,
        0.030463920906186104
      ],
      [
        0.012391293421387672,
        0.008149947039783001
      ],
      [
        -0.015144048258662224,
        -0.07999703288078308
      ]
    ],
    "tau_mean": 74.07848358154297,
    "tau_std": 7.690040111541748,
    "xi_mean": 0.0,
    "xi_std": 0.6189603805541992,
    "sources_mean": 0.0,
    "sources_std": 1.0,
    "noise_std": 0.07183951884508133,
    "mixing_matrix": [
      [
        -0.011517202481627464,
        -0.004099859856069088
      ],
      [
        -0.08887382596731186,
        0.032000355422496796
      ],
      [
        0.030406219884753227,
        0.014562847092747688
      ],
      [
        -0.010559680871665478,
        -0.07836510241031647
      ]
    ]
  }
}